[
	{ "s": "E", "p": [13, 3] },
	{ "s": "EDICIÓN", "p": [13] },
	{ "s": "EL", "p": [13, 3, 5, 12, 11, 7, 10, 8, 6, 4] },
	{ "s": "ELIGE", "p": [12, 11] },
	{ "s": "ELIMINAR", "p": [13] },
	{ "s": "ELLA", "p": [3] },
	{ "s": "ELLO", "p": [12] },
	{ "s": "EN", "p": [12, 11, 5, 13, 3, 7, 6, 8, 4] },
	{ "s": "ENCABEZADO", "p": [5] },
	{ "s": "ENCUENTRA", "p": [13, 11, 7, 6, 5, 3] },
	{ "s": "ENERO", "p": [9] },
	{ "s": "ENTONCES", "p": [3] },
	{ "s": "ENTRE", "p": [13, 7] },
	{ "s": "ERWIN", "p": [1] },
	{ "s": "ES", "p": [5, 12, 9, 6, 4, 3] },
	{ "s": "ESCOGE", "p": [5] },
	{ "s": "ESCRIBE", "p": [5] },
	{ "s": "ESCRIBIR", "p": [5] },
	{ "s": "ESPACIO", "p": [13] },
	{ "s": "ESTA", "p": [12] },
	{ "s": "ESTANDO", "p": [5] },
	{ "s": "ESTE", "p": [11, 13, 5, 3] },
	{ "s": "ESTEBAN", "p": [1] },
	{ "s": "ESTILO", "p": [12] },
	{ "s": "ESTO", "p": [13, 12, 5] },
	{ "s": "ESTÁ", "p": [13] },
	{ "s": "EV0", "p": [1] },
	{ "s": "EXPLICACIONES", "p": [13] },
	{ "s": "EXPLICAR", "p": [13] },
	{ "s": "EXTRAER", "p": [3] }
]