[
	{ "s": "PAGINACIONES", "p": [5] },
	{ "s": "PAGINACIÓN", "p": [5] },
	{ "s": "PALABRA", "p": [7, 12] },
	{ "s": "PARA", "p": [13, 12, 7, 5, 11, 4] },
	{ "s": "PARTE", "p": [13, 11, 8] },
	{ "s": "PASO", "p": [3, 13, 12, 8, 11, 10, 9, 7, 6, 5, 4] },
	{ "s": "PASOS", "p": [3] },
	{ "s": "PEGARÁ", "p": [3] },
	{ "s": "PERMITE", "p": [10] },
	{ "s": "PERO", "p": [13] },
	{ "s": "PERSONA", "p": [11] },
	{ "s": "PERSONALIZADOS", "p": [4] },
	{ "s": "PIE", "p": [5] },
	{ "s": "PLANTILLA", "p": [11] },
	{ "s": "PONEMOS", "p": [9] },
	{ "s": "PONER", "p": [12, 11] },
	{ "s": "PONERLE", "p": [13] },
	{ "s": "POR", "p": [12, 7, 4, 3] },
	{ "s": "POSTERIORMENTE", "p": [12] },
	{ "s": "PRESENTE", "p": [12] },
	{ "s": "PRESIONA", "p": [3, 7] },
	{ "s": "PRESIONAR", "p": [10, 7] },
	{ "s": "PRIMERA", "p": [12, 11, 5] },
	{ "s": "PRIMERAS", "p": [6] },
	{ "s": "PRIMERO", "p": [13, 7, 6] },
	{ "s": "PROCEDIMIENTO", "p": [13] },
	{ "s": "PUEDE", "p": [11] },
	{ "s": "PÁGINA", "p": [5, 7, 4] },
	{ "s": "PÁRRAFO", "p": [13, 12, 10, 6] },
	{ "s": "PÁRRAFOS", "p": [13] }
]