[
	{ "s": "MANERA", "p": [8] },
	{ "s": "MANUAL", "p": [1] },
	{ "s": "MEDIDA", "p": [11] },
	{ "s": "MENOS", "p": [13] },
	{ "s": "MENÚ", "p": [12, 5, 13, 11, 7, 6, 4] },
	{ "s": "MIGUEL", "p": [11] },
	{ "s": "MIGUEL-HERNANDEZ_OK", "p": [11] },
	{ "s": "MISMO", "p": [3] },
	{ "s": "MOSTRAR", "p": [13] },
	{ "s": "MOVER", "p": [12, 11] },
	{ "s": "MOVERLA", "p": [11] },
	{ "s": "MUESTRA", "p": [11] },
	{ "s": "MUY", "p": [12] },
	{ "s": "MUÑOZ", "p": [1] },
	{ "s": "MÁRGENES", "p": [4] },
	{ "s": "MÁS", "p": [7, 5] }
]