[
	{ "s": "S", "p": [9] },
	{ "s": "SALIR", "p": [5] },
	{ "s": "SE", "p": [3, 11, 12, 5, 13, 7, 6, 4, 8] },
	{ "s": "SEGUNDO", "p": [7] },
	{ "s": "SELECCIONA", "p": [12, 11, 3] },
	{ "s": "SELECCIONADA", "p": [11] },
	{ "s": "SELECCIONADO", "p": [13] },
	{ "s": "SELECCIONAMOS", "p": [9] },
	{ "s": "SELECCIONAR", "p": [7, 13, 11, 5, 12, 8, 6, 10, 4, 3] },
	{ "s": "SELECCIÓN", "p": [13] },
	{ "s": "SERGIO", "p": [1] },
	{ "s": "SIEMPRE", "p": [3] },
	{ "s": "SIGUE", "p": [9, 6] },
	{ "s": "SIGUEN", "p": [6] },
	{ "s": "SIGUIENTE", "p": [5, 8, 3] },
	{ "s": "SIN", "p": [13, 11, 5] },
	{ "s": "SOBRAN", "p": [13] },
	{ "s": "SOBRE", "p": [1] },
	{ "s": "SOFTWARE", "p": [1] },
	{ "s": "SOLA", "p": [13] },
	{ "s": "SUAVES", "p": [12] },
	{ "s": "SUBRAYADO", "p": [9, 13] },
	{ "s": "SUBRAYAMOS", "p": [9] },
	{ "s": "SUPERIOR", "p": [12, 11] }
]