[
	{ "s": "LA", "p": [11, 9, 7, 5, 12, 4, 3, 13, 8, 1] },
	{ "s": "LABOR", "p": [12] },
	{ "s": "LADO", "p": [11, 5] },
	{ "s": "LADOS", "p": [4] },
	{ "s": "LAS", "p": [12, 4, 13, 9, 8, 6, 5] },
	{ "s": "LE", "p": [3] },
	{ "s": "LETRA", "p": [13, 7] },
	{ "s": "LINK", "p": [3] },
	{ "s": "LISTA", "p": [5] },
	{ "s": "LLAMADA", "p": [11, 3] },
	{ "s": "LLAMADO", "p": [3] },
	{ "s": "LLAME", "p": [5] },
	{ "s": "LO", "p": [3, 11, 10, 6, 5] },
	{ "s": "LOS", "p": [6, 11, 4, 3] },
	{ "s": "LUEGO", "p": [11, 7, 3, 13, 12, 9, 6, 5] },
	{ "s": "LÍNEA", "p": [13, 7] },
	{ "s": "LÍNEAS", "p": [13, 6] }
]