[
	{ "s": "T", "p": [7] },
	{ "s": "TAL", "p": [5] },
	{ "s": "TALLER", "p": [1] },
	{ "s": "TAMAÑO", "p": [12, 13, 11] },
	{ "s": "TAMBIÉN", "p": [6] },
	{ "s": "TECLA", "p": [3] },
	{ "s": "TECLAS", "p": [7] },
	{ "s": "TEMPRANO", "p": [12, 8] },
	{ "s": "TENER", "p": [11] },
	{ "s": "TERMINA", "p": [13] },
	{ "s": "TEXTO", "p": [13, 3, 12, 11, 10, 8, 7] },
	{ "s": "TIEMPO", "p": [3] },
	{ "s": "TIENE", "p": [7] },
	{ "s": "TIENEN", "p": [6] },
	{ "s": "TIPO", "p": [13, 3] },
	{ "s": "TODO", "p": [13, 3] },
	{ "s": "TOMA", "p": [12] },
	{ "s": "TRABAJO", "p": [2] },
	{ "s": "TRES", "p": [12, 6, 8, 9] },
	{ "s": "TXT", "p": [3] },
	{ "s": "TÍTULO", "p": [11, 13] }
]