[
	{ "s": "C", "p": [3] },
	{ "s": "CALDAS", "p": [1] },
	{ "s": "CAMBIA", "p": [7] },
	{ "s": "CAMBIANDO", "p": [11] },
	{ "s": "CAMBIAR", "p": [12] },
	{ "s": "CARO", "p": [1] },
	{ "s": "CARPETA", "p": [3, 11] },
	{ "s": "CASI", "p": [3] },
	{ "s": "CASO", "p": [13, 11] },
	{ "s": "CENTRAR", "p": [7] },
	{ "s": "CENTRO", "p": [12] },
	{ "s": "CENTURY", "p": [13] },
	{ "s": "CERRAR", "p": [5] },
	{ "s": "CINTA", "p": [4] },
	{ "s": "CLIC", "p": [11, 3, 13, 12, 6, 5, 4] },
	{ "s": "CM", "p": [12, 11, 4] },
	{ "s": "COLOR", "p": [7] },
	{ "s": "COLUMNAS", "p": [7, 12, 8, 9] },
	{ "s": "COMANDO", "p": [13, 6, 5] },
	{ "s": "COMANDOS", "p": [7] },
	{ "s": "COMBINACIÓN", "p": [7] },
	{ "s": "COMBINANDO", "p": [3] },
	{ "s": "COMO", "p": [11, 5] },
	{ "s": "COMPAÑERO", "p": [8] },
	{ "s": "COMPRIMIDO", "p": [3] },
	{ "s": "CON", "p": [9, 13, 3, 11, 8, 6, 5] },
	{ "s": "CONFIGURAR", "p": [4] },
	{ "s": "CONTENIDO", "p": [3] },
	{ "s": "CONTINUA", "p": [10] },
	{ "s": "COPIAMOS", "p": [3] },
	{ "s": "COPIAR", "p": [3] },
	{ "s": "COPIARLO", "p": [3] },
	{ "s": "CREAR", "p": [7, 8] },
	{ "s": "CRISTIAN", "p": [1] },
	{ "s": "CTRL", "p": [9, 3, 7, 13, 10] },
	{ "s": "CUADRADO", "p": [12, 11] },
	{ "s": "CUAL", "p": [3, 11, 10] },
	{ "s": "CUALES", "p": [5] },
	{ "s": "CUALQUIER", "p": [13] },
	{ "s": "CUATROS", "p": [4] },
	{ "s": "CURSIVA", "p": [13, 9] }
]