[
	{ "s": "A", "p": [13, 9, 11, 7, 4, 12, 5, 3] },
	{ "s": "AA2", "p": [1] },
	{ "s": "ABRE", "p": [3] },
	{ "s": "ABRIR", "p": [3] },
	{ "s": "ABRIRÁ", "p": [3] },
	{ "s": "ACCIONES", "p": [8] },
	{ "s": "ACEPTAR", "p": [11, 7, 4] },
	{ "s": "ACTIVIDAD", "p": [11, 3] },
	{ "s": "ADEMÁS", "p": [9] },
	{ "s": "ADRIAN", "p": [1] },
	{ "s": "AHORA", "p": [13, 12, 11, 7, 6, 5] },
	{ "s": "AL", "p": [13, 12, 11, 7, 3, 6] },
	{ "s": "ALEXANDER", "p": [1] },
	{ "s": "ALINEAMOS", "p": [9] },
	{ "s": "ALINEAR", "p": [9] },
	{ "s": "ALLÍ", "p": [13, 11, 7, 6] },
	{ "s": "ALTO", "p": [12, 11] },
	{ "s": "ANEXO", "p": [11, 3] },
	{ "s": "ANTERIOR", "p": [8] },
	{ "s": "ANTERIORES", "p": [13] },
	{ "s": "ANTES", "p": [12] },
	{ "s": "ANÁLISIS", "p": [1] },
	{ "s": "APARECE", "p": [11, 3] },
	{ "s": "APARTADOS", "p": [13] },
	{ "s": "APLICA", "p": [13] },
	{ "s": "APLICAR", "p": [6] },
	{ "s": "AQUÍ", "p": [3] },
	{ "s": "ARCHIVO", "p": [3] },
	{ "s": "ARCHIVOS", "p": [3, 11] },
	{ "s": "ASÍ", "p": [6, 13, 5, 3] },
	{ "s": "ATENCIÓN", "p": [5] },
	{ "s": "AUTOMÁTICAMENTE", "p": [12] },
	{ "s": "AUTOR", "p": [11] }
]