{
	"1": ["1. IE-GA1-220... ¡Se requiere una licencia Advanced!", "ie_ga1_220501046_aa2_ev0.htm", []],
	"2": ["2. Traba... ¡Se requiere una licencia Advanced!", "trabajo_final.htm", []],
	"3": ["3. Pasos... ¡Se requiere una licencia Advanced!", "pasos_inciales.htm", []],
	"4": ["3.1. Configurar las... ¡Se requiere una licencia Advanced!", "configurar_las_margenes_de_la_hoja.htm", [3]],
	"5": ["3.2. Realizar encabe... ¡Se requiere una licencia Advanced!", "realizar_encabezado_y_pie_de_pagina.htm", [3]],
	"6": ["3.3. Numeraci... ¡Se requiere una licencia Advanced!", "numeracion_y_vinetas_.htm", [3]],
	"7": ["4. Crear ... ¡Se requiere una licencia Advanced!", "crear_2_columnas.htm", []],
	"8": ["5. Crear ... ¡Se requiere una licencia Advanced!", "crear_3_columnas.htm", []],
	"9": ["5.1. Subrayado y al... ¡Se requiere una licencia Advanced!", "subrayado_y_alinear_a_la_derecha_.htm", [5]],
	"10": ["5.2. Ju... ¡Se requiere una licencia Advanced!", "justificar.htm", [5]],
	"11": ["6. Insertar f... ¡Se requiere una licencia Advanced!", "insertar_foto_del_autor_.htm", []],
	"12": ["6.1. Insertar imagen ... ¡Se requiere una licencia Advanced!", "insertar_imagen_en_las_tres_columnas_.htm", [6]],
	"13": ["7. Dar formato ... ¡Se requiere una licencia Advanced!", "dar_formato_a_todo_el_texto_.htm", []]
}