[
	{ "fileName": "0xu0030.json", "first": "0", "last": "0" },
	{ "fileName": "0xu0031.json", "first": "1", "last": "1936" },
	{ "fileName": "0xu0032.json", "first": "2", "last": "2721421" },
	{ "fileName": "0xu0033.json", "first": "3", "last": "3.3" },
	{ "fileName": "0xu0034.json", "first": "4", "last": "4" },
	{ "fileName": "0xu0035.json", "first": "5", "last": "5.2" },
	{ "fileName": "0xu0036.json", "first": "6", "last": "6.1" },
	{ "fileName": "0xu0037.json", "first": "7", "last": "7" },
	{ "fileName": "0xu0038.json", "first": "8", "last": "8" },
	{ "fileName": "0xu0039.json", "first": "9", "last": "92" },
	{ "fileName": "0xu0041.json", "first": "A", "last": "AUTOR" },
	{ "fileName": "0xu0042.json", "first": "BORDES", "last": "BUSCAMOS" },
	{ "fileName": "0xu0043.json", "first": "C", "last": "CURSIVA" },
	{ "fileName": "0xu0044.json", "first": "D", "last": "DOS" },
	{ "fileName": "0xu0045.json", "first": "E", "last": "EXTRAER" },
	{ "fileName": "0xu0046.json", "first": "FALTARÍA", "last": "FUENTE" },
	{ "fileName": "0xu0047.json", "first": "GA1", "last": "GRUPO" },
	{ "fileName": "0xu0048.json", "first": "HACE", "last": "HOJA" },
	{ "fileName": "0xu0049.json", "first": "IE", "last": "IR" },
	{ "fileName": "0xu004a.json", "first": "J", "last": "JUSTIFICAR" },
	{ "fileName": "0xu004b.json", "first": "K", "last": "K" },
	{ "fileName": "0xu004c.json", "first": "LA", "last": "LÍNEAS" },
	{ "fileName": "0xu004d.json", "first": "MANERA", "last": "MÁS" },
	{ "fileName": "0xu004e.json", "first": "N", "last": "NÚMERO" },
	{ "fileName": "0xu004f.json", "first": "O", "last": "OTRA" },
	{ "fileName": "0xu0050.json", "first": "PAGINACIONES", "last": "PÁRRAFOS" },
	{ "fileName": "0xu0051.json", "first": "QUE", "last": "QUITAR" },
	{ "fileName": "0xu0052.json", "first": "REALIZA", "last": "RUTA" },
	{ "fileName": "0xu0053.json", "first": "S", "last": "SUPERIOR" },
	{ "fileName": "0xu0054.json", "first": "T", "last": "TÍTULO" },
	{ "fileName": "0xu0055.json", "first": "UBICA", "last": "UTILIZAR" },
	{ "fileName": "0xu0056.json", "first": "VAMOS", "last": "VIÑETAS" },
	{ "fileName": "0xu0057.json", "first": "WAGNER", "last": "WORD" },
	{ "fileName": "0xu0059.json", "first": "Y", "last": "YA" },
	{ "fileName": "0xu00d3.json", "first": "ÓVALO", "last": "ÓVALO" },
	{ "fileName": "0xu00da.json", "first": "ÚLTIMA", "last": "ÚLTIMO" }
]